Country,Continent,Capital City,Abbreviation,Fact 1,Fact 1 Source,Fact 2,Fact 2 Source,Fact 3,Fact 3 Source,Fact 4,Fact 4 Source,Fact 5,Fact 5 Source,Fact 6,Fact 6 Source,Fact 7,Fact 7 Source,Fact 8,Fact 8 Source,Fact 9,Fact 9 Source,Fact 10,Fact 10 Source
Afghanistan,Asia,Kabul,AFG,"The national sport is buzkashi, a game played on horseback where players try to place a goat or calf carcass in a goal.",https://en.wikipedia.org/wiki/Buzkashi,"The country is home to the world's largest Buddhas, the Buddhas of Bamiyan, which were destroyed in 2001 but have since been partially reconstructed.",https://en.wikipedia.org/wiki/Buddhas_of_Bamiyan,"It has a unique flag that has been changed 30 times, more than any other country in the world.",https://en.wikipedia.org/wiki/Flag_of_Afghanistan,"The Wakhan Corridor is a narrow strip of land that connects the country to China, and it is one of the most remote areas in the world.",https://en.wikipedia.org/wiki/Wakhan_Corridor,"The country is one of the world's largest producers of pomegranates, which are considered a symbol of fertility and prosperity.",https://en.wikipedia.org/wiki/Agriculture_in_Afghanistan,,,,,,,,,,
Albania,Europe,Tirana,ALB,"The country is home to a large number of bunkers, with an estimated 173,000 built during the communist era.",https://en.wikipedia.org/wiki/Bunkers_in_Albania,"The country has a tradition of sworn virgins, women who take a vow of chastity and live as men to enjoy the social privileges of men.",https://en.wikipedia.org/wiki/Sworn_virgins_of_Albania,"The country has a unique way of nodding and shaking their heads to indicate 'yes' and 'no', which is the opposite of many other cultures.",https://en.wikipedia.org/wiki/Albania#Culture,The country is one of the few places in Europe where you can find wild bears and wolves.,https://en.wikipedia.org/wiki/Fauna_of_Albania,"The country has a tradition of polyphonic singing, which is recognized by UNESCO as an intangible cultural heritage.",https://en.wikipedia.org/wiki/Albanian_iso-polyphony,,,,,,,,,,
Algeria,Africa,Algiers,DZA,,,,,,,,,,,,,,,,,,,,
Andorra,Europe,Andorra la Vella,AND,,,,,,,,,,,,,,,,,,,,
Angola,Africa,Luanda,AGO,,,,,,,,,,,,,,,,,,,,
Antigua and Barbuda,N. America,St. John's,ATG,,,,,,,,,,,,,,,,,,,,
Argentina,S. America,Buenos Aires,ARG,,,,,,,,,,,,,,,,,,,,
Armenia,Asia,Yerevan,ARM,,,,,,,,,,,,,,,,,,,,
Australia,Australia,Canberra,AUS,,,,,,,,,,,,,,,,,,,,
Austria,Europe,Vienna,AUT,Wolfgang Amadeus Mozart who was an influential composer of the classical period was born here.,Wolfgang Amadeus Mozart - Wikipedia,Queen Marie Antoinette was born here.,Marie Antoinette - Wikipedia,Home to the Red Bull energy drink.,https://en.wikipedia.org/wiki/Red_Bull,This country was the center of the Habsburg monarchy since 18th century.,House of Habsburg - Wikipedia,Birthplace of the first postcard.,"https://www.library.ualberta.ca/peel/postcards/the-postcard-a-brief-history#:~:text=The%20modern%20postcard%20was%20born,in%20October%20of%20that%20year.",This country had the most dual monarchy with the Holy Roman Empire.,Holy Roman Emperor - Wikipedia,The world's largest ice cave which extends nearly 42km is located in this country.,Eisriesenwelt - Wikipedia,"The best-preserved Stone Age man in the world, nicknamed ""Otzi,"" was discovered in this country's Otztal mountain ranges.",Ötzi - Wikipedia,Ludwig van Beethoven died here.,Ludwig van Beethoven - Wikipedia,Thsi country has produced 25 Nobel Prize-winning laureates.,https://en.wikipedia.org/wiki/List_of_Nobel_laureates_by_country
Azerbaijan,Asia,Baku,AZE,,,,,,,,,,,,,,,,,,,,
Bahamas,N. America,Nassau,BHS,"This tropical nation is composed of over 700 islands and more than 2,400 tiny cays, most of which are formed of limestone and coral.",https://en.wikipedia.org/wiki/The_Bahamas,"The country boasts the world’s third-largest barrier reef system, along with mysterious blue holes—rare underwater sinkholes that reveal a unique marine geology.",https://en.wikipedia.org/wiki/Andros_Island,"Known as a global offshore financial hub, this island nation offers policies like zero personal and corporate income taxes, attracting international investors.",https://www.cia.gov/the-world-factbook/countries/bahamas-the/,"Gaining independence in the early 1970s from a long-term colonial power, this country now operates as a parliamentary democracy that blends its colonial heritage with local customs.",https://en.wikipedia.org/wiki/Independence_of_the_Bahamas,"The islands are the exclusive habitat of a distinctive reptile—the rock iguana—a species found only on a few of these isles, underscoring its unique local biodiversity.",https://www.cia.gov/the-world-factbook/countries/bahamas-the/,"Off the coast of one of its islands lies an enigmatic arrangement of large limestone blocks, set out in a linear formation beneath the sea. This odd underwater ""road"" has sparked theories about ancient civilizations or even connections to lost continents.",https://en.wikipedia.org/wiki/Bimini_Road,"During the U.S. Prohibition era, this archipelago’s strategic location made it a crucial transit route for bootleg liquor. The legacy of rum-running along its shores has woven a colorful and clandestine chapter into its maritime history.",https://www.grandbahamamuseum.org/exhibits/culture/bootlegging-and-rum-running,"Nestled among its secluded cays, this nation shelters an endemic rodent—a small mammal once believed to be extinct. Its survival in such isolated habitats underscores the unique and fragile ecosystem found only here.",https://en.wikipedia.org/wiki/Bahamian_hutia,"In its capital, an 18th-century staircase—carved from solid limestone by enslaved labor—rises as a striking monument. This historic landmark not only reflects the nation’s colonial past but also symbolizes resilience and cultural heritage.",https://en.wikipedia.org/wiki/Queen%27s_Staircase,"This island nation spans over 700 islands but has a population of only about 400,000, making its communities quite small. An interesting local law even bans civilians from wearing military camouflage to keep a clear distinction with uniformed personnel.",https://www.cia.gov/the-world-factbook/countries/bahamas-the/
Bahrain,Asia,Manama,BHR,,,,,,,,,,,,,,,,,,,,
Bangladesh,Asia,Dhaka,BGD,,,,,,,,,,,,,,,,,,,,
Barbados,N. America,Bridgetown,BRB,,,,,,,,,,,,,,,,,,,,
Belarus,Europe,Minsk,BLR,,,,,,,,,,,,,,,,,,,,
Belgium,Europe,Brussels,BEL,"The word 'spa' comes from the town of Spa, known for its healing hot springs since Roman times.","https://en.wikipedia.org/wiki/Spa,_Belgium","It is home to the world's largest sand sculpture festival, which takes place in Ostend.",https://en.wikipedia.org/wiki/Sand_sculpture,The country has more comic strip artists per square kilometer than any other country in the world.,https://en.wikipedia.org/wiki/Belgian_comics,"It has a highway system that is so well-lit, it can be seen from space at night.",https://en.wikipedia.org/wiki/Transport_in_Belgium,"The country holds the world record for the longest period without a government, lasting 589 days in 2010-2011.",https://en.wikipedia.org/wiki/2010%E2%80%932011_Belgian_government_formation,,,,,,,,,,
Belize,N. America,Belmopan,BLZ,,,,,,,,,,,,,,,,,,,,
Benin,Africa,Porto-Novo,BEN,,,,,,,,,,,,,,,,,,,,
Bhutan,Asia,Thimphu,BTN,,,,,,,,,,,,,,,,,,,,
Bolivia,S. America,La Paz,BOL,,,,,,,,,,,,,,,,,,,,
Bosnia and Herzegovina,Europe,Sarajevo,BIH,,,,,,,,,,,,,,,,,,,,
Botswana,Africa,Gaborone,BWA,,,,,,,,,,,,,,,,,,,,
Brazil,S. America,Brasília,BRA,"This country is home to the Amazon Rainforest, the largest tropical rainforest in the world, which is often referred to as the ""lungs of the Earth.""",https://www.britannica.com/place/Amazon-Rainforest,"This country has the world’s largest coffee production, being responsible for around a third of all coffee worldwide.",https://www.fas.usda.gov/data/production/commodity/0711100,"This country is home to the largest waterfall system in the world, Iguaçu Falls, located on the border with Argentina.",https://en.wikipedia.org/wiki/Iguazu_Falls,"This country has won the FIFA World Cup five times, more than any other country",https://en.wikipedia.org/wiki/FIFA_World_Cup,This country is the only South American country where the official language is portuguese.,https://en.wikipedia.org/wiki/Portuguese_language_in_the_Americas,"This country holds the famous Christ the Redeemer statue, one of the New Seven Wonders of the World",https://www.britannica.com/list/new-seven-wonders-of-the-world,"This country celebrates its independence on September 7th, marking the day when it declared independence from Portugal in 1822.",https://en.wikipedia.org/wiki/Independence_Day_(Brazil),"This country has an incredibly rich and diverse music scene, being the birthplace of bossa nova, samba, and funk carioca",https://en.wikipedia.org/wiki/Bossa_nova,Brazil is the 5th largest country in the world both on population and area,https://en.wikipedia.org/wiki/List_of_countries_and_dependencies_by_area,"In this country, prisoners are allowed to reduce their sentence by four days for every book that they read",https://www.uil.unesco.org/en/articles/remission-reading-brazil
Brunei Darussalam,Asia,Bandar Seri Begawan,BRN,,,,,,,,,,,,,,,,,,,,
Bulgaria,Europe,Sofia,BGR,,,,,,,,,,,,,,,,,,,,
Burkina Faso,Africa,Ouagadougou,BFA,,,,,,,,,,,,,,,,,,,,
Burundi,Africa,Gitega,BDI,,,,,,,,,,,,,,,,,,,,
Cabo Verde,Africa,Praia,CPV,,,,,,,,,,,,,,,,,,,,
Cambodia,Asia,Phnom Penh,KHM,,,,,,,,,,,,,,,,,,,,
Cameroon,Africa,Yaoundé,CMR,,,,,,,,,,,,,,,,,,,,
Canada,N. America,Ottawa,CAN,"This country boasts the world's longest coastline, stretching over 202,000 kilometers.",https://www.watercoolertrivia.com/trivia-questions/canada-trivia-questions,"With more lakes than the rest of the world combined, this nation has freshwater covering about 9% of its total area.",https://trivia.fyi/canada-trivia/,"Sharing an 8,891-kilometer boundary, this country has the longest international border with a single neighboring nation.",https://www.readersdigest.ca/travel/canada/canadian-trivia/,"Over half of this country's residents hold a tertiary education degree, making it the most educated nation globally.",https://www.watercoolertrivia.com/trivia-questions/canada-trivia-questions,"This nation recognizes both English and French as its official languages, reflecting its rich cultural heritage.",https://www.readersdigest.ca/travel/canada/canadian-trivia/,"Contributing approximately 71% of the global supply, this country is the world's largest producer of maple syrup, with the majority coming from one province.",https://www.thecanadianencyclopedia.ca/en/quiz/canada-quiz,This country has designated lacrosse as its national summer sport and ice hockey as its national winter sport.,https://www.readersdigest.ca/travel/canada/canadian-trivia/,"Spanning about 7,821 kilometers from St. John's, Newfoundland, to Victoria, British Columbia, this nation's highway is one of the world's longest national routes.",https://www.collingwood.ca/sites/default/files/docs/o_canada_-_trivia_quiz.pdf,"This nation is the second-largest in the world by land area, covering approximately 9.98 million square kilometers (3.85 million square miles).",https://www.collingwood.ca/sites/default/files/docs/o_canada_-_trivia_quiz.pdf,"In this country, the coldest temperature ever recorded was a frigid -63°C (-81.4°F) in Snag, Yukon.",https://www.campcanada.co.uk/blog/25-interesting-facts-about-canada
Central African Republic,Africa,Bangui,CAF,,,,,,,,,,,,,,,,,,,,
Chad,Africa,N'Djamena,TCD,,,,,,,,,,,,,,,,,,,,
Chile,S. America,Santiago,CHL,"This nation is renowned as the world's narrowest country, stretching over 4,300 kilometers in length while averaging only about 177 kilometers in width.",https://nomadicboys.com/interesting-facts-about-chile/,"Home to the driest non-polar desert on Earth, this country features regions where some areas have never recorded rainfall.",https://rusticpathways.com/blog/fun-facts-about-chile,"In 1960, this country experienced the most powerful earthquake ever recorded, with a magnitude of 9.5.",https://en.wikipedia.org/wiki/1960_Valdivia_earthquake,"This nation administers an island famous for its nearly 1,000 monumental statues called moai, created by the early Rapa Nui people.",https://en.wikipedia.org/wiki/Moai,"This nation boasts the world's largest swimming pool, located in the coastal city of Algarrobo, spanning over 1,000 yards in length. ​",https://ecochile.travel/15-fun-facts-that-you-didnt-know-about-chile/,"Home to the world's oldest known mummies, dating back to around 5000 B.C., predating Egyptian mummies by two millennia.",https://nomadicboys.com/interesting-facts-about-chile/,"This country possesses an archipelago known for its unique mythology, including tales of ghost ships and forest spirits, and distinctive wooden churches recognized as UNESCO World Heritage Sites.",https://en.wikipedia.org/wiki/Chilo%C3%A9_Archipelago,"Renowned for its clear skies and high altitudes, this South American nation hosts numerous world-class observatories, making it one of the premier stargazing destinations globally.",https://www.cascada.travel/blog/watch-the-skies-stargazing-and-astronomy-in-the-atacama-desert,"As the world's largest copper producer, this nation significantly influences the global copper market, contributing approximately 24% of the world's copper production.",https://www.trade.gov/country-commercial-guides/chile-mining,"This South American country is the largest wine producer in Latin America, ranking fifth globally with an annual production of approximately 11 million hectoliters.",https://www.statista.com/topics/7036/wine-industry-in-chile/
China,Asia,Beijing,CHN,Home to the longest wall in the world.,https://en.wikipedia.org/wiki/Great_Wall_of_China,This nation has won the most gold medals for table tennis at the Olympics.,Table tennis at the Summer Olympics - Wikipedia,World's second largest ecnomy by GDP at least for the last decade.,Reform and opening up - Wikipedia,This country has only one time zone despite being similar in size to Untied States,"China | Events, People, Dates, Flag, Map, & Facts | Britannica",The currency of this country is yuan.,China Facts | Britannica,This country is home to the most spoken first language in the world.,https://en.wikipedia.org/wiki/List_of_languages_by_number_of_native_speakers,This country is home to the city with most skyscrapers.,https://en.wikipedia.org/wiki/List_of_cities_with_the_most_skyscrapers,Around half of all pork in the world are produced in this country.,Global pork production by country 2024 | Statista,This country consumes most pork in the world.,Pork - Wikipedia,This country is home to a world wonder known as the Terracotta Army.,Terracotta Army - Wikipedia
Colombia,S. America,Bogotá,COL,,,,,,,,,,,,,,,,,,,,
Comoros,Africa,Moroni,COM,,,,,,,,,,,,,,,,,,,,
Congo,Africa,Brazzaville,COG,The country is home to the world's largest population of lowland gorillas.,https://en.wikipedia.org/wiki/Republic_of_the_Congo#Wildlife,"The country has a national dish called 'Moambe', which is made from palm nuts and is often served with chicken or fish.",https://en.wikipedia.org/wiki/Republic_of_the_Congo#Cuisine,"The country has a unique tradition of 'Sapeurs', who are known for their extravagant fashion and style, often wearing brightly colored suits and accessories.",https://en.wikipedia.org/wiki/Republic_of_the_Congo#Culture,The country is one of the few places where the rare and elusive bongo antelope can be found in the wild.,https://en.wikipedia.org/wiki/Republic_of_the_Congo#Wildlife,"The country has a railway system that was originally built by the French during the colonial period and is still in use today, known as the Congo-Ocean Railway.",https://en.wikipedia.org/wiki/Republic_of_the_Congo#Transport,,,,,,,,,,
Costa Rica,N. America,San José,CRI,,,,,,,,,,,,,,,,,,,,
Côte d'Ivoire,Africa,Yamoussoukro,CIV,,,,,,,,,,,,,,,,,,,,
Croatia,Europe,Zagreb,HRV,,,,,,,,,,,,,,,,,,,,
Cuba,N. America,Havana,CUB,,,,,,,,,,,,,,,,,,,,
Cyprus,Asia,Nicosia,CYP,,,,,,,,,,,,,,,,,,,,
Czech Republic (Czechia),Europe,Prague,CZE,,,,,,,,,,,,,,,,,,,,
Denmark,Europe,Copenhagen,DNK,,,,,,,,,,,,,,,,,,,,
Djibouti,Africa,Djibouti,DJI,,,,,,,,,,,,,,,,,,,,
Dominica,N. America,Roseau,DMA,,,,,,,,,,,,,,,,,,,,
Dominican Republic,N. America,Santo Domingo,DOM,,,,,,,,,,,,,,,,,,,,
Democratic Republic of Congo,Africa,Kinshasa,COD,,,,,,,,,,,,,,,,,,,,
Ecuador,S. America,Quito,ECU,,,,,,,,,,,,,,,,,,,,
Egypt,Africa,Cairo,EGY,,,,,,,,,,,,,,,,,,,,
El Salvador,N. America,San Salvador,SLV,,,,,,,,,,,,,,,,,,,,
Equatorial Guinea,Africa,Malabo,GNQ,,,,,,,,,,,,,,,,,,,,
Eritrea,Africa,Asmara,ERI,,,,,,,,,,,,,,,,,,,,
Estonia,Europe,Tallinn,EST,,,,,,,,,,,,,,,,,,,,
Eswatini,Africa,Mbabane,SWZ,,,,,,,,,,,,,,,,,,,,
Ethiopia,Africa,Addis Ababa,ETH,,,,,,,,,,,,,,,,,,,,
Fiji,Australia,Suva,FJI,,,,,,,,,,,,,,,,,,,,
Finland,Europe,Helsinki,FIN,,,,,,,,,,,,,,,,,,,,
France,Europe,Paris,FRA,This country is the fashion capital of the world.,,This country has the largest museum in the world - home to the Mona Lisa.,,This country is considered the birthplace of the metric system.,https://en.wikipedia.org/wiki/History_of_the_metric_system,The United States was gifted the Statue of Liberty by this country.,https://en.wikipedia.org/wiki/Statue_of_Liberty,"This countries capital is nicknamed the ""City of Light"".",,,,,,,,,,,
Gabon,Africa,Libreville,GAB,,,,,,,,,,,,,,,,,,,,
Gambia,Africa,Banjul,GMB,,,,,,,,,,,,,,,,,,,,
Georgia,Asia,Tbilisi,GEO,,,,,,,,,,,,,,,,,,,,
Germany,Europe,Berlin,DEU,,,,,,,,,,,,,,,,,,,,
Ghana,Africa,Accra,GHA,,,,,,,,,,,,,,,,,,,,
Greece,Europe,Athens,GRC,,,,,,,,,,,,,,,,,,,,
Grenada,N. America,St. George's,GRD,,,,,,,,,,,,,,,,,,,,
Guatemala,N. America,Guatemala City,GTM,,,,,,,,,,,,,,,,,,,,
Guinea,Africa,Conakry,GIN,,,,,,,,,,,,,,,,,,,,
Guinea-Bissau,Africa,Bissau,GNB,,,,,,,,,,,,,,,,,,,,
Guyana,S. America,Georgetown,GUY,,,,,,,,,,,,,,,,,,,,
Haiti,N. America,Port-au-Prince,HTI,,,,,,,,,,,,,,,,,,,,
Honduras,N. America,Tegucigalpa,HND,,,,,,,,,,,,,,,,,,,,
Hungary,Europe,Budapest,HUN,,,,,,,,,,,,,,,,,,,,
Iceland,Europe,Reykjavik,ISL,This country is home to the oldest parliamentary institution in the world,https://en.wikipedia.org/wiki/Althing,This country has horses that have a two unique methods of gait that can be performed without training.,https://www.horsesoficeland.is/the-icelandic-horse-gaits/,This country has only one native land mammal,https://en.wikipedia.org/wiki/Arctic_fox,This country is ranked to be the safest country in the world in terms of crime rate.,https://worldpopulationreview.com/country-rankings/safest-countries-in-the-world,This is the only country a part of NATO that does not have a standing army,https://en.wikipedia.org/wiki/List_of_sovereign_states_without_armed_forces,This country has the most published writers per capita in the world,https://www.guinnessworldrecords.com/world-records/444296-most-published-writers-per-capita,"This country's surnames are derived from their father's first name, meaning that residents of this country have no family name",https://en.wikipedia.org/wiki/Surnames_by_country,This country was the first to democratically elect a female president,https://en.wikipedia.org/wiki/Vigd%C3%ADs_Finnbogad%C3%B3ttir,"This country has a police tactical unit called the ""Viking Squad,"" armed with only pepper spray and batons",https://en.wikipedia.org/wiki/Viking_Squad,"This country is the most gender-equal country in the world, having been the only country in the world to close more than 90% of the gender gap.",https://www3.weforum.org/docs/WEF_GGGR_2024.pdf
India,Asia,New Delhi,IND,This country is the most populated country in the world (2025),https://www.census.gov/popclock/print.php?component=counter,This country is the largest producer of mangos,https://www.uwsp.edu/sbcb/tropical-conservatory/mango/,This country is thought to be the birthplace of chess.,https://artsandculture.google.com/story/a-game-of-thrones-how-chess-conquered-the-world-salar-jung-museum/fgUhNlxUQVZ2Kg?hl=en,This country is the world's largest milk producer.,https://www.fao.org/dairy-production-products/production/milk-production/en,This country has the highest percentage of vegetarianism.,https://www.jagranjosh.com/general-knowledge/list-of-countries-with-highest-rates-of-vegetarianism-1727769970-1,This country holds frog weddings in the hopes of invoking rain.,https://en.wikipedia.org/wiki/Bhekuli_Biya,This country has the second-largest quantity of English speakers (first being the US!),https://en.wikipedia.org/wiki/English-speaking_world,This country has the city thought to be the wettest place on Earth for having the highest average annual rainfall.,https://en.wikipedia.org/wiki/Mawsynram,This country is the first country to discover and mine diamonds.,https://www.kgkgroup.com/diamond-origin-history/,This country hosts the world's largest religious gathering.,https://www.nytimes.com/2025/01/14/world/asia/india-hindu-festival-maha-kumbh-mela.html
Indonesia,Asia,Jakarta,IDN,,,,,,,,,,,,,,,,,,,,
Iran,Asia,Tehran,IRN,,,,,,,,,,,,,,,,,,,,
Iraq,Asia,Baghdad,IRQ,,,,,,,,,,,,,,,,,,,,
Ireland,Europe,Dublin,IRL,,,,,,,,,,,,,,,,,,,,
Israel,Asia,Jerusalem,ISR,,,,,,,,,,,,,,,,,,,,
Italy,Europe,Rome,ITA,,,,,,,,,,,,,,,,,,,,
Jamaica,N. America,Kingston,JAM,"Since 2017, this country became the only country to have a flag that doesn't have the colors red, white, or blue.",https://en.wikipedia.org/wiki/Flag_of_Jamaica,"This country's only female national hero is known as ""Nanny of the Maroons"" for leading warfare against the British, and is now featured on this country's $500 note.",https://enslaved.org/fullStory/16-23-126814/,This country is just the tip of an underwater mountain,https://kids.nationalgeographic.com/geography/countries/article/jamaica,"Out of top 5 of the fastest runners in the 100m race, 3 of them are from this country",https://www.geeksforgeeks.org/fastest-runners-in-the-world/,"Despite always having a tropical climate, this country had a bobsled team for the Winter Olympics",https://en.wikipedia.org/wiki/Jamaica_national_bobsleigh_team,This country holds the record for most churches per square mile,https://www.visitjamaica.com/discover-jamaica/music-culture/religion-faith/,Ian Fleming wrote all of the Goldeneye novels (James Bond series) in this country,https://www.britannica.com/biography/Ian-Fleming,This country has the world's highest murder rate (2022),https://worldpopulationreview.com/country-rankings/murder-rate-by-country,"This country's national fruit is the ackee, which can cause vomiting sickness and death if not prepared correctly.",https://en.wikipedia.org/wiki/Jamaican_vomiting_sickness,"This country is where the music genre ""Reggae"" originated",https://www.britannica.com/art/reggae
Japan,Asia,Tokyo,JPN,The Curse of the Colonel,https://www.thehanshintigers.com/team-history/top-10-infamous-moments/the-curse-of-colonel-sanders/,This country has more adult diaper sales surpassing baby diaper sales,https://www.businessinsider.com/japan-company-shifts-adult-diapers-due-low-birth-rates-babies-2024-3?utm_source=chatgpt.com,This country has a vending machine for every 23 people.,https://youtu.be/9UJzVLXmBG4?si=OZnK2VJxA74A2ECA,This country uses blue traffic lights instead of green because of historical language quirks behind the word blue.,https://en.wikipedia.org/wiki/Traffic_light,"This country provides ""corpse hotels"" where deceased loved ones are placed into a refridgerated capsule until a funeral can be arranged",https://www.nytimes.com/2017/07/01/world/asia/japan-corpse-hotels.html,"This country holds a ""Crying Baby Sumo"" competition, where sumo wrestlers hold babies in a ring and try to make them cry first.",https://en.wikipedia.org/wiki/Naki_Sumo_Crying_Baby_Festival,"This country annually hosts the ""Penis Festival,"" meant to promote sexual health awareness.",https://www.japan.travel/en/spot/362/,"This country has a ""Rabbit Island,"" occupied majorly by rabbits, which was formely a secret poison gas factory.",https://www.japan.travel/en/spot/871/,This country has a rent-a-family service.,https://en.wikipedia.org/wiki/Rental_family_service,"This country has a place known as the ""Suicide Forest,"" with dense trees that make the area eerily silent.",https://en.wikipedia.org/wiki/Aokigahara
Jordan,Asia,Amman,JOR,,,,,,,,,,,,,,,,,,,,
Kazakhstan,Asia,Nur-Sultan,KAZ,,,,,,,,,,,,,,,,,,,,
Kenya,Africa,Nairobi,KEN,,,,,,,,,,,,,,,,,,,,
Kiribati,Australia,South Tarawa,KIR,,,,,,,,,,,,,,,,,,,,
Kuwait,Asia,Kuwait City,KWT,,,,,,,,,,,,,,,,,,,,
Kyrgyzstan,Asia,Bishkek,KGZ,,,,,,,,,,,,,,,,,,,,
Laos,Asia,Vientiane,LAO,"This country has an archaeological site named ""Plain of Jars"", which features thousands of stone jars",https://whc.unesco.org/en/list/1587/,This country celebrates New Year's during April with a water festival!,https://kampatour.com/lao-new-year,"This country is also known as the ""Land of a Million Elephants."" ",https://iowaonline.uni.edu/folklife_v2/lessons/laos.pdf,"This country houses a phenomena named the ""Naga Fireballs,"" where glowing fireballs are seen rising from the river.",https://www.sciencetimes.com/articles/47637/20231213/naga-fireballs-explained-understanding-thailand-s-mysterious-blobs-rising-mekong.htm,"Despite being landlocked, this country has a region called ""4000 Islands.""",https://en.wikipedia.org/wiki/Si_Phan_Don,"This country has the highest sticky-rice consumption per capita than any other country,",https://en.wikipedia.org/wiki/Lao_cuisine,This country's flag originally featured a white three-headed elephant on a pedestal.,https://en.wikipedia.org/wiki/Flag_of_Laos,"This country traditionally holds a Rocket Festival, where they construct and launch homemade rockets.",https://en.wikipedia.org/wiki/Rocket_Festival,This country is the most bombed country in the world.,https://www.halotrust.org/where-we-work/south-asia/laos/,"This country's traditional greeting is called ""Nop,"" where they place two hands together in prayer position at chest level.",https://culturalatlas.sbs.com.au/lao-culture/lao-culture-greetings
Latvia,Europe,Riga,LVA,,,,,,,,,,,,,,,,,,,,
Lebanon,Asia,Beirut,LBN,,,,,,,,,,,,,,,,,,,,
Lesotho,Africa,Maseru,LSO,,,,,,,,,,,,,,,,,,,,
Liberia,Africa,Monrovia,LBR,,,,,,,,,,,,,,,,,,,,
Libya,Africa,Tripoli,LBY,,,,,,,,,,,,,,,,,,,,
Liechtenstein,Europe,Vaduz,LIE,,,,,,,,,,,,,,,,,,,,
Lithuania,Europe,Vilnius,LTU,,,,,,,,,,,,,,,,,,,,
Luxembourg,Europe,Luxembourg City,LUX,,,,,,,,,,,,,,,,,,,,
Madagascar,Africa,Antananarivo,MDG,,,,,,,,,,,,,,,,,,,,
Malawi,Africa,Lilongwe,MWI,,,,,,,,,,,,,,,,,,,,
Malaysia,Asia,Kuala Lumpur,MYS,,,,,,,,,,,,,,,,,,,,
Maldives,Asia,Male,MDV,,,,,,,,,,,,,,,,,,,,
Mali,Africa,Bamako,MLI,,,,,,,,,,,,,,,,,,,,
Malta,Europe,Valletta,MLT,,,,,,,,,,,,,,,,,,,,
Marshall Islands,Australia,Majuro,MHL,,,,,,,,,,,,,,,,,,,,
Mauritania,Africa,Nouakchott,MRT,,,,,,,,,,,,,,,,,,,,
Mauritius,Africa,Port Louis,MUS,,,,,,,,,,,,,,,,,,,,
Mexico,N. America,Mexico City,MEX,"This country's capital city is gradually sinking, with estimates suggesting a descent of up to 12 centimeters annually.",https://www.contiki.com/six-two/article/fun-facts-about-mexico/,"Home to the world's largest pyramid by volume, surpassing even Egypt's Great Pyramid of Giza.",https://www.contiki.com/six-two/article/fun-facts-about-mexico/,"There's an eerie island where thousands of dolls hang from trees, believed to appease a young girl's spirit.",https://en.wikipedia.org/wiki/The_Island_of_the_Dolls,"A vast network of tunnels, thought to be up to 500 years old, was discovered beneath a major city in this country in 2015.",https://en.wikipedia.org/wiki/Puebla_tunnels,Native salamanders possess the remarkable ability to regenerate limbs and even parts of their brain and heart.,https://www.lemonde.fr/planete/article/2024/08/26/au-mexique-les-axolotls-de-fascinantes-salamandres-placees-sous-la-protection-de-religieuses-dominicaines_6295794_3244.html,A bridal shop in this country features a mannequin rumored to be the embalmed corpse of the previous owner's daughter.,https://en.wikipedia.org/wiki/Ghosts_in_Mexican_culture,"Due to unique climatic conditions, bodies interred in a certain area of this country naturally mummify and are now displayed in a dedicated museum.",https://en.wikipedia.org/wiki/Mummies_of_Guanajuato,"Residents of a coastal city from this country believe it's shielded from hurricanes by an underwater alien base, with no direct hits since 1967.",https://www.the-sun.com/news/13155656/amupac-alien-base-mexico/,"In certain indigenous cultures of this country, a third gender known as ""Muxe"" is recognized and has been an integral part of the community for centuries.",https://www.contiki.com/six-two/article/fun-facts-about-mexico/,"An annual event in this country showcases large, colorful sculptures of fantastical creatures, celebrating a unique form of folk art.",https://en.wikipedia.org/wiki/Mexico_City_Alebrije_Parade
Micronesia,Australia,Palikir,FSM,,,,,,,,,,,,,,,,,,,,
Monaco,Europe,Monaco,MCO,,,,,,,,,,,,,,,,,,,,
Mongolia,Asia,Ulaanbaatar,MNG,,,,,,,,,,,,,,,,,,,,
Montenegro,Europe,Podgorica,MNE,,,,,,,,,,,,,,,,,,,,
Morocco,Africa,Rabat,MAR,"There's a city where all buildings are painted in various shades of blue, creating a tranquil and picturesque atmosphere.",https://www.elegantresorts.co.uk/eleganttraveller/story/ten-interesting-facts-about-morocco,"This country is home to the world's oldest continuously operating university, founded in 859 AD.",https://www.nativemorocco.com/post/10-things-you-didn-t-know-about-morocco,"By law, all buildings in a major city from this country must be painted red, earning it the nickname 'the Red City'.",https://www.originaltravel.co.uk/travel-guide/morocco/fun-facts,"In certain regions of this country, goats can be seen climbing argan trees to eat their fruit, a behavior unique to this area.",https://www.nationalgeographic.com/travel/article/video-watch-bizarre-tree-climbing-goats-in-action-morocco,"In local culture, the liver, rather than the heart, is considered the symbol of love.",https://www.originaltravel.co.uk/travel-guide/morocco/fun-facts,"This country has become a hotspot for meteorite hunting, with numerous finds since the late 1990s.",https://www.wired.com/story/morocco-meteorites-saharan-gold-rush/,"This country features historical underground vaults, often referred to as a prison, with legends of vast, maze-like chambers.",https://en.wikipedia.org/wiki/Qara_Prison,"This countrty boasts four imperial cities, each having served as the nation's capital at different times.",https://www.trafalgar.com/real-word/facts-about-morocco/,,,,
Mozambique,Africa,Maputo,MOZ,,,,,,,,,,,,,,,,,,,,
Myanmar,Asia,Naypyidaw,MMR,,,,,,,,,,,,,,,,,,,,
Namibia,Africa,Windhoek,NAM,,,,,,,,,,,,,,,,,,,,
Nauru,Australia,Yaren District,NRU,,,,,,,,,,,,,,,,,,,,
Nepal,Asia,Kathmandu,NPL,,,,,,,,,,,,,,,,,,,,
Netherlands,Europe,Amsterdam,NLD,"This country boasts the tallest people globally, with the average man standing at 6 feet (183 cm) and the average woman at 5 feet 7 inches (170 cm).",https://www.trafalgar.com/real-word/fun-facts-about-the-netherlands/?utm_source=chatgpt.com,"There are more bicycles than residents in this country, averaging 1.3 bikes per person.",https://www.eidr.org/fun-facts-about-the-netherlands/?utm_source=chatgpt.com,"Established in 1602, this country introduced the first official stock exchange, revolutionizing global trade and finance.",https://www.expatica.com/nl/moving/about/netherlands-facts-108857/?utm_source=chatgpt.com,The popular spirit gin was invented here in the 16th century before being introduced to the British.,https://www.expatica.com/nl/moving/about/netherlands-facts-108857/?utm_source=chatgpt.com,"Carrots were originally white, purple, or yellow until farmers cultivated the now-common orange variety in this country.",https://www.boatbiketours.com/blog/who-knew-10-fun-facts-about-the-netherlands/?utm_source=chatgpt.com,"This country is home to over 1,000 historic windmills, many of which are still operational and open to visitors.",https://www.boatbiketours.com/blog/who-knew-10-fun-facts-about-the-netherlands/?utm_source=chatgpt.com,"Approximately one-third of the country lies below sea level, necessitating an extensive system of dikes and pumps to manage water levels.",https://www.eidr.org/fun-facts-about-the-netherlands/?utm_source=chatgpt.com,"The national color is orange, and citizens celebrate King's Day by donning orange attire and participating in nationwide festivities.",https://www.expatica.com/nl/moving/about/netherlands-facts-108857/?utm_source=chatgpt.com,"In the 17th century, tulip bulbs became so valuable in this country that they were used as a form of currency during a period known as ""Tulip Mania.""",https://www.trafalgar.com/real-word/fun-facts-about-the-netherlands/?utm_source=chatgpt.com,,
New Zealand,Australia,Wellington,NZL,,,,,,,,,,,,,,,,,,,,
Nicaragua,N. America,Managua,NIC,,,,,,,,,,,,,,,,,,,,
Niger,Africa,Niamey,NER,,,,,,,,,,,,,,,,,,,,
Nigeria,Africa,Abuja,NGA,,,,,,,,,,,,,,,,,,,,
North Korea,Asia,Pyongyang,PRK,Jeans are banned in this country,https://www.bbc.com/news/world-asia-68664644.amp,Mandatory military service last up to a decade here,https://www.cia.gov/the-world-factbook/field/military-service-age-and-obligation/,This country has 100% literacy rate as reported,https://www.cia.gov/the-world-factbook/countries/korea-north/#people-and-society,This country has its own set of basketball rules different from the rest of the world,The true story behind North Korea’s bizarre basketball rules | NK News,Has the most militarized border in the world,"Kim, Eleana. “The Flight of Cranes: Militarized Nature at the North Korea–South Korea Border.” RCC Perspectives, no. 3, 2014, pp. 65–70. JSTOR, http://www.jstor.org/stable/26241252. Accessed 5 Feb. 2025.",Slightly larger than Virginia; slightly smaller than Mississippi,"Korea, North - The World Factbook",99.998% ethnically homogenous,https://en.wikipedia.org/wiki/Demographics_of_North_Korea,Latest state to declare nuclear weapons in 2006,https://www.britannica.com/technology/list-of-states-with-nuclear-weapons-2227841,"International calls are illegal, but marijuana is legal","https://www.huffpost.com/entry/marijuana-in-north-korea_n_4067341?utm_hp_ref=tw, https://www.rfa.org/english/news/korea/phone-06162021200510.html","Has stadium with world's largest capacity of 150,000 people",https://www.usatoday.com/story/sports/2024/07/28/biggest-largest-stadiums-in-world/74462698007/
North Macedonia,Europe,Skopje,MKD,,,,,,,,,,,,,,,,,,,,
Norway,Europe,Oslo,NOR,"In 1971, a penguin named Nils Olav was adopted by the King's Guard and was later knighted.",https://en.wikipedia.org/wiki/Nils_Olav,"The country has a town called Hell, which freezes over every winter.","https://en.wikipedia.org/wiki/Hell,_Norway","It is home to the world's longest road tunnel, the Lærdal Tunnel, which is 24.5 kilometers long.",https://en.wikipedia.org/wiki/L%C3%A6rdal_Tunnel,The cheese slicer was invented by a carpenter in 1925.,https://en.wikipedia.org/wiki/Cheese_slicer,"The country has a tradition of reading crime novels during Easter, known as 'Påskekrim'.",https://en.wikipedia.org/wiki/P%C3%A5skekrim,,,,,,,,,,
Oman,Asia,Muscat,OMN,,,,,,,,,,,,,,,,,,,,
Pakistan,Asia,Islamabad,PAK,"The world's largest man-made forest, Changa Manga, is located here.",https://en.wikipedia.org/wiki/Changa_Manga,"It is home to the world's highest paved international road, the Karakoram Highway.",https://en.wikipedia.org/wiki/Karakoram_Highway,The country has a rare species of blind dolphin found in the Indus River.,https://en.wikipedia.org/wiki/Indus_river_dolphin,"It has the only fertile desert in the world, the Tharparkar Desert.",https://en.wikipedia.org/wiki/Thar_Desert,"The country hosts the world's largest volunteer ambulance service, the Edhi Foundation.",https://en.wikipedia.org/wiki/Edhi_Foundation,,,,,,,,,,
Palau,Australia,Ngerulmud,PLW,,,,,,,,,,,,,,,,,,,,
Panama,N. America,Panama City,PAN,,,,,,,,,,,,,,,,,,,,
Papua New Guinea,Australia,Port Moresby,PNG,,,,,,,,,,,,,,,,,,,,
Paraguay,S. America,Asunción,PRY,,,,,,,,,,,,,,,,,,,,
Peru,S. America,Lima,PER,,,,,,,,,,,,,,,,,,,,
Philippines,Asia,Manila,PHL,,,,,,,,,,,,,,,,,,,,
Poland,Europe,Warsaw,POL,Home to the world biggest castle.,https://www.trafalgar.com/real-word/facts-poland/,Home to the world's oldest salt mine that you can still actually visit. Has a hidden church deep underground.,https://www.trafalgar.com/real-word/facts-poland/,Vodka originated from this country.,https://www.trafalgar.com/real-word/facts-poland/,The world's first upside down house was built here.,https://www.trafalgar.com/real-word/facts-poland/,96% of this countries citizens identify as Roman Catholic.,https://www.swiftpassportservices.com/blog/20-fun-facts-aboutpoland/,"In this country, Name Day celebrations are greater than their actual birthday.",https://www.swiftpassportservices.com/blog/20-fun-facts-aboutpoland/,This country has the second constitution in the world.,https://www.swiftpassportservices.com/blog/20-fun-facts-aboutpoland/,Home to 17 UNESCO World Heritage sites.,https://www.swiftpassportservices.com/blog/20-fun-facts-aboutpoland/,The first women to win a Nobel Prize was born in this country.,https://awaytothecity.com/fun-facts-about-poland/,"Home to one of the world's oldest restaurants, serving customers from 1273 (over 750 years).",https://awaytothecity.com/fun-facts-about-poland/
Portugal,Europe,Lisbon,PRT,,,,,,,,,,,,,,,,,,,,
Qatar,Asia,Doha,QAT,,,,,,,,,,,,,,,,,,,,
Romania,Europe,Bucharest,ROM,,,,,,,,,,,,,,,,,,,,
Russia,Europe,Moscow,RUS,,,,,,,,,,,,,,,,,,,,
Rwanda,Africa,Kigali,RWA,,,,,,,,,,,,,,,,,,,,
Saint Kitts & Nevis,N. America,Basseterre,KNA,,,,,,,,,,,,,,,,,,,,
Saint Lucia,N. America,Castries,LCA,,,,,,,,,,,,,,,,,,,,
Saint Vincent & the Grenadines,N. America,Kingstown,SVG,,,,,,,,,,,,,,,,,,,,
Samoa,Australia,Apia,WSM,"In 2009, the country switched from driving on the right side of the road to the left, making it the first country in the 21st century to do so.",https://www.nytimes.com/2009/09/08/world/asia/08samoa.html,"The country has a unique time zone history; it skipped December 30, 2011, to align its time zone with its main trading partners, Australia and New Zealand.",https://www.bbc.com/news/world-asia-16351377,"Tattooing is a significant cultural practice, and the traditional male tattoo, known as the 'pe'a,' can take weeks to complete and is a rite of passage.",https://www.smithsonianmag.com/travel/samoa-tattoo-ritual-180960504/,"The country is home to the 'fiafia,' a traditional celebration that includes fire knife dancing, a skillful and dangerous performance art.",https://www.lonelyplanet.com/articles/samoa-fiafia-night,"The national rugby team is known for performing the 'Siva Tau,' a traditional war dance, before matches, similar to the haka performed by New Zealand's All Blacks.",https://www.rugbyworld.com/countries/samoa-countries/siva-tau-samoa-war-dance-115992,,,,,,,,,,
San Marino,Europe,San Marino,SMR,,,,,,,,,,,,,,,,,,,,
Sao Tome & Principe,Africa,São Tomé,STP,,,,,,,,,,,,,,,,,,,,
Saudi Arabia,Asia,Riyadh,SAU,,,,,,,,,,,,,,,,,,,,
Senegal,Africa,Dakar,SEN,,,,,,,,,,,,,,,,,,,,
Serbia,Europe,Belgrade,SRB,,,,,,,,,,,,,,,,,,,,
Seychelles,Africa,Victoria,SYC,,,,,,,,,,,,,,,,,,,,
Sierra Leone,Africa,Freetown,SLE,,,,,,,,,,,,,,,,,,,,
Singapore,Asia,Singapore,SGP,"The country has a national obsession with chewing gum, which is banned for sale, except for therapeutic purposes.",https://www.bbc.com/news/world-asia-32004701,"It is home to the world's first night zoo, the Night Safari, which opened in 1994.",https://www.nightsafari.com.sg/en/about-us.html,"The country has a unique law that requires its citizens to flush public toilets after use, with fines for non-compliance.",https://www.straitstimes.com/singapore/courts-crime/flush-and-learn-what-you-can-be-fined-for-in-singapore,"It is one of the only three surviving city-states in the world, alongside Monaco and Vatican City.",https://www.britannica.com/topic/city-state,"The country has a national tree planting day called the Tree Planting Day, which has been celebrated since 1971.",https://www.nparks.gov.sg/treessg/tree-planting-day,,,,,,,,,,
Slovakia,Europe,Bratislava,SVK,"The country is home to more than 6,000 caves, including the Ochtinská Aragonite Cave, one of only three aragonite caves in the world.",https://whc.unesco.org/en/list/725,"It has the highest number of castles and chateaux per capita in the world, with over 180 castles and 425 chateaux.",https://www.slovakia.com/about/castles/,"The country has a unique wooden church architecture, with more than 50 wooden churches, some of which are UNESCO World Heritage Sites.",https://whc.unesco.org/en/list/1273,"The country is known for its love of folk music, and the fujara, a traditional Slovak shepherd's pipe, is recognized by UNESCO as a Masterpiece of the Oral and Intangible Heritage of Humanity.",https://ich.unesco.org/en/RL/fujara-and-its-music-00173,"The country has a tradition of 'krampus' celebrations, where people dress up as the mythical creature to scare children into being good before Christmas.",https://www.spectator.sme.sk/c/20063192/krampus-runs-are-becoming-popular-in-slovakia.html,,,,,,,,,,
Slovenia,Europe,Ljubljana,SVN,The most common name here is Franc for men and Marija for women,https://the-slovenia.com/en/slovenia/top-100-facts-about-slovenia/,The oldest vinyard in the world is located here,https://the-slovenia.com/en/slovenia/top-100-facts-about-slovenia/,At least 60% of the population work out at least 3 hours a week,https://the-slovenia.com/en/slovenia/top-100-facts-about-slovenia/,"An average person here eats around 123 kg of wheat products, 111 kg of vegetables, 93 kg of meat, 88 kg of fruit, 67 kg of potatoes, 11 kg of eggs, 5kg of rice and 1kg of honey per year",https://the-slovenia.com/en/slovenia/top-100-facts-about-slovenia/,The first married couple to climb Mount Everest came from here,https://the-slovenia.com/en/slovenia/top-100-facts-about-slovenia/,"There are around 90,000 beekeepers in this country",https://the-slovenia.com/en/slovenia/top-100-facts-about-slovenia/,"More than half of the country is covered with forests, making it one of the greenest countries in the world",https://the-slovenia.com/en/slovenia/top-100-facts-about-slovenia/,A remarkable 53.6 percent of this countries land is protected,https://the-slovenia.com/en/slovenia/top-100-facts-about-slovenia/,This country has one of the largest underground canyons in the world,https://the-slovenia.com/en/slovenia/top-100-facts-about-slovenia/,There is only 46.6 kilometres of coastline here,https://the-slovenia.com/en/slovenia/top-100-facts-about-slovenia/
Solomon Islands,Australia,Honiara,SLB,,,,,,,,,,,,,,,,,,,,
Somalia,Africa,Mogadishu,SOM,"The country is home to the Laas Geel cave paintings, some of the earliest known art in the Horn of Africa, dating back to 9,000 BC.",https://www.bbc.com/news/world-africa-11935857,"It has the longest coastline on the mainland of its continent, stretching over 3,300 kilometers.",https://www.cia.gov/the-world-factbook/countries/somalia/,"The camel is a significant part of the culture and economy, with the country having one of the largest camel populations in the world.",https://www.fao.org/faostat/en/#data/QA,"The country has a rich tradition of poetry, with poets historically playing a key role in society as both entertainers and historians.",https://www.poetryfoundation.org/harriet/2017/10/somali-poetry-an-overview,"The currency, the shilling, was once issued in denominations of 5,000, 10,000, and even 20,000 shillings due to hyperinflation.",https://www.reuters.com/article/us-somalia-currency-idUSKCN1B91X9,,,,,,,,,,
South Africa,Africa,Cape Town,ZAF,Nelson Mandela is from here,https://en.wikipedia.org/wiki/Nelson_Mandela,Maintain three capital cities,https://en.wikipedia.org/wiki/South_Africa,"Home to ""cradle of humankind"" that is considered birth place of humanity",https://en.wikipedia.org/wiki/Cradle_of_Humankind,"Only place for ""big five"" animals",https://en.wikipedia.org/wiki/Big_Five_game,"World's longest wine ""route 62"" is located.","https://en.wikipedia.org/wiki/Route_62_(South_Africa)#:~:text=Also%20known%20as%20the%20Wine,wine%20routes%20in%20the%20world.",Elon Musk was born here.,Elon Musk - Wikipedia,Most number of Afrikaans spoken here.,Afrikaans - Wikipedia,"Gained independence from British Empire in May 31, 1910.",South Africa - Wikipedia,Hosted 2010 World Cup.,2010 FIFA World Cup - Wikipedia,Ranked 40th for nominal GDP in 2023.,List of countries by GDP (nominal) - Wikipedia
South Korea,Asia,Seoul,KOR,"This country has a national holiday for poky stick or ""pepero"" snack on November 11th.",https://en.wikipedia.org/wiki/Pepero_Day,The earliest recorded food delivery in this country dates back to 1768.,https://en.wikipedia.org/wiki/Delivery_culture_in_South_Korea,This country has the oldest surviving astronomical observatory in the world.,https://en.wikipedia.org/wiki/Cheomseongdae,One of its kings invented the language used in this country.,https://en.m.wikipedia.org/wiki/Sejong_the_Great,Worlds 9th largest military by active personnel.,https://www.statista.com/statistics/264443/the-worlds-largest-armies-based-on-active-force-level/,"This country has its own unique liquor called ""soju""",https://en.m.wikipedia.org/wiki/Soju,Highest tertiary education between 25-34 years of age.,https://asiaexchange.org/blogs/15-stunning-facts-about-south-korea/,This country has urban myth that fans in closed rooms can kill someone. ,https://www.npr.org/sections/parallels/2015/08/09/430341089/south-koreas-quirky-notions-about-electric-fans,"This country has a traditional clothing called ""hanbok""",https://en.m.wikipedia.org/wiki/Hanbok,This country has most number of dolmen structures.,https://en.m.wikipedia.org/wiki/List_of_dolmens
South Sudan,Africa,Juba,SSD,"The country is home to the Sudd, one of the world's largest wetlands.",https://www.britannica.com/place/Sudd,"It gained independence in 2011, making it the newest country in the world.",https://www.bbc.com/news/world-africa-14019202,The country has more than 60 indigenous languages spoken.,https://www.cia.gov/the-world-factbook/countries/south-sudan/,"The White Nile, a major tributary of the Nile River, flows through the country.",https://www.worldatlas.com/rivers/white-nile.html,"The country has a significant population of the Dinka people, one of the largest ethnic groups in the region.",https://minorityrights.org/minorities/dinka/,,,,,,,,,,
Spain,Europe,Madrid,ESP,"The country is home to the world's oldest known human settlement, Göbekli Tepe, which dates back to around 9600 BC.",https://www.smithsonianmag.com/history/gobekli-tepe-the-worlds-first-temple-83613665/,"The tulip, a symbol often associated with the Netherlands, actually originated in this country and was an important part of its culture during the Ottoman Empire.",https://www.bbc.com/travel/article/20170406-the-country-that-gave-the-world-tulips,"The country has a city, Istanbul, that is the only city in the world located on two continents, Europe and Asia.",https://www.britannica.com/place/Istanbul,"The country is home to the unique rock formations and underground cities of Cappadocia, which were used as hiding places by early Christians.",https://whc.unesco.org/en/list/357/,"The country has a town called Halfeti, where many of the buildings are submerged underwater due to the construction of a dam on the Euphrates River.",https://www.dailysabah.com/turkey/2019/06/17/halfeti-the-sunken-city-of-turkey,,,,,,,,,,
Sri Lanka,Asia,Sri Jayawardenepura Kotte,LKA,,,,,,,,,,,,,,,,,,,,
Sudan,Africa,Khartoum,SDN,,,,,,,,,,,,,,,,,,,,
Suriname,S. America,Paramaribo,SUR,,,,,,,,,,,,,,,,,,,,
Sweden,Europe,Stockholm,SWE,This country is home to the worlds first ice hotel.,https://www.icehotel.com/,Birthplace of Spotify,https://en.wikipedia.org/wiki/Spotify,Ranked 4th in the happiest countries in the world as of 2024,https://worldpopulationreview.com/country-rankings/happiest-countries-in-the-world,"Largest Nordic country at 450,295 square kilometers (173,860 sq mi)",https://en.wikipedia.org/wiki/Sweden,"The people of this country engage in Fika, a social coffee break often including pastries.",https://en.wikipedia.org/wiki/Coffee_culture#Sweden,This countries currency is the krona.,https://en.wikipedia.org/wiki/Swedish_krona,A popular dish in this country is meatballs served with lingonberry jam and mashed potatoes.,need source,The famous pop group ABBA was formed in this country.,https://en.wikipedia.org/wiki/ABBA,,,,
Switzerland,Europe,Bern,CHE,This country doesn't have an official capital city,https://www.britannica.com/place/Switzerland,The Red Cross was founded in this country in 1863,https://www.icrc.org/en/our-history,Engineer Georges de Mestral invented Velcro in 1941 in this country,https://www.velcro.com/original-thinking/our-timeline-of-innovation/,"This country is known for its tall, snow-capped mountains, and is home to the Matterhorn, one of the most iconic peaks in the world.",https://en.wikipedia.org/wiki/Matterhorn,banking system that’s famous for its discretion and security.,https://en.wikipedia.org/wiki/Banking_in_Switzerland,"This country has a sport called ""Hornussen,"" which is often described as a combination of baseball and golf, and is played with a puck-like object called a ""Hornuss.",https://en.wikipedia.org/wiki/Hornussen,,,,,,,,
Syria,Asia,Damascus,SYR,,,,,,,,,,,,,,,,,,,,
Tajikistan,Asia,Dushanbe,TJK,,,,,,,,,,,,,,,,,,,,
Tanzania,Africa,Dodoma,TZA,,,,,,,,,,,,,,,,,,,,
Thailand,Asia,Bangkok,THA,,,,,,,,,,,,,,,,,,,,
Timor-Leste,Asia,Dili,TLS,,,,,,,,,,,,,,,,,,,,
Togo,Africa,Lomé,TGO,,,,,,,,,,,,,,,,,,,,
Tonga,Australia,Nuku'alofa,TON,,,,,,,,,,,,,,,,,,,,
Trinidad and Tobago,N. America,Port of Spain,TTO,,,,,,,,,,,,,,,,,,,,
Tunisia,Africa,Tunis,TUN,,,,,,,,,,,,,,,,,,,,
Turkey,Asia,Ankara,TUR,"The Grand Bazaar in Istanbul is one of the largest and oldest covered markets in the world, with over 4,000 shops.",https://www.britannica.com/place/Grand-Bazaar-market-Istanbul-Turkey,"The country is home to Mount Ararat, which is traditionally considered the resting place of Noah's Ark.",https://www.britannica.com/place/Mount-Ararat,"The tulip, a symbol often associated with the Netherlands, actually originated in this country and was brought to Europe in the 16th century.",https://www.britannica.com/plant/tulip,The city of Istanbul is the only city in the world that straddles two continents: Europe and Asia.,https://www.britannica.com/place/Istanbul,The Library of Celsus in Ephesus was one of the most impressive buildings of the Roman Empire and is considered one of the best-preserved ancient libraries.,https://www.britannica.com/topic/Library-of-Celsus,,,,,,,,,,
Turkmenistan,Asia,Ashgabat,TKM,,,,,,,,,,,,,,,,,,,,
Tuvalu,Australia,Funafuti,TUV,,,,,,,,,,,,,,,,,,,,
Uganda,Africa,Kampala,UGA,8% of the worlds mammel scepcies can be found here,"https://www.safarisrwandasafari.com/information/facts-about-uganda-that-you-should-know/#:~:text=Uganda%20experiences%20tropical%20climate%20having,can%20be%20found%20in%20Uganda.&text=Uganda%20has%20some%20of%20the,producing%20country%20in%20the%20world.",This country is the second largest banana producer in the world,"https://www.safarisrwandasafari.com/information/facts-about-uganda-that-you-should-know/#:~:text=Uganda%20experiences%20tropical%20climate%20having,can%20be%20found%20in%20Uganda.&text=Uganda%20has%20some%20of%20the,producing%20country%20in%20the%20world.",This country has been ranked in 2012 and 2016 as the worlds top tourist destination,"https://www.safarisrwandasafari.com/information/facts-about-uganda-that-you-should-know/#:~:text=Uganda%20experiences%20tropical%20climate%20having,can%20be%20found%20in%20Uganda.&text=Uganda%20has%20some%20of%20the,producing%20country%20in%20the%20world.",This country boasts the highest concentration of primates of anywhere else in the world,"https://www.safarisrwandasafari.com/information/facts-about-uganda-that-you-should-know/#:~:text=Uganda%20experiences%20tropical%20climate%20having,can%20be%20found%20in%20Uganda.&text=Uganda%20has%20some%20of%20the,producing%20country%20in%20the%20world.",Ranked 133rd happiest courtyard (flat country) in the world,"https://www.safarisrwandasafari.com/information/facts-about-uganda-that-you-should-know/#:~:text=Uganda%20experiences%20tropical%20climate%20having,can%20be%20found%20in%20Uganda.&text=Uganda%20has%20some%20of%20the,producing%20country%20in%20the%20world.",This country is ranked the 2nd youngest country in the world,"https://www.safarisrwandasafari.com/information/facts-about-uganda-that-you-should-know/#:~:text=Uganda%20experiences%20tropical%20climate%20having,can%20be%20found%20in%20Uganda.&text=Uganda%20has%20some%20of%20the,producing%20country%20in%20the%20world.",The grey crowned cane is this countries official bird,"https://www.safarisrwandasafari.com/information/facts-about-uganda-that-you-should-know/#:~:text=Uganda%20experiences%20tropical%20climate%20having,can%20be%20found%20in%20Uganda.&text=Uganda%20has%20some%20of%20the,producing%20country%20in%20the%20world.",1066 different bird species have been identified here,https://destinationuganda.com/travel-guide/10-awesome-things-about-uganda/,"Size: 241,038 km² (93,263 sq mi) – 18.2% water & swamps",https://www.nkuringosafaris.com/basic-facts-about-uganda/,"There are 56 tribes here, each with their own language",https://www.nkuringosafaris.com/basic-facts-about-uganda/
Ukraine,Europe,Kyiv,UKR,,,,,,,,,,,,,,,,,,,,
United Arab Emirates,Asia,Abu Dhabi,ARE,Home to the Burj Khalifa in Dubai—the tallest building on the planet.,https://en.wikipedia.org/wiki/Burj_Khalifa,Palm Jumeirah is a world-famous man-made island that redefines luxury waterfront living.,https://www.nakheel.com/,"A federation established in 1971, this country is composed of seven emirates, including Abu Dhabi, Dubai, and Sharjah.",https://en.wikipedia.org/wiki/United_Arab_Emirates,"Every year, Dubai lights up with the renowned Dubai Shopping Festival, drawing millions of visitors.",https://en.wikipedia.org/wiki/Dubai_Shopping_Festival,The Sheikh Zayed Grand Mosque stands as a breathtaking symbol of Islamic art and architecture in this country.,https://en.wikipedia.org/wiki/Sheikh_Zayed_Grand_Mosque,"From vast deserts to futuristic skylines, cities like Dubai and Abu Dhabi are a testament to rapid modern development.",https://en.wikipedia.org/wiki/Abu_Dhabi,"Once known solely for oil, this country now thrives as a global hub for tourism, finance, and technology.",https://en.wikipedia.org/wiki/Economy_of_the_United_Arab_Emirates,"Only in this country can you hit the slopes indoors at Ski Dubai, the world’s first indoor ski resort.",https://www.skidxb.com/en-ae/ski-dubai,"A true crossroads of tradition and modernity, this country celebrates a blend of deep-rooted Emirati heritage and cosmopolitan influences.",https://en.wikipedia.org/wiki/Culture_of_the_United_Arab_Emirates,"Native citizens make up only a small fraction of the total population, as expatriates from over 200 countries form the majority—creating a truly global melting pot in the heart of the desert!",https://www.cia.gov/the-world-factbook/countries/united-arab-emirates/
United Kingdom,Europe,London,GBR,,,,,,,,,,,,,,,,,,,,
United States of America,N. America,Washington DC,USA,,,,,,,,,,,,,,,,,,,,
Uruguay,S. America,Montevideo,URY,,,,,,,,,,,,,,,,,,,,
Uzbekistan,Asia,Tashkent,UZB,,,,,,,,,,,,,,,,,,,,
Vanuatu,Australia,Port Vila,VUT,,,,,,,,,,,,,,,,,,,,
Venezuela,S. America,Caracas,VEN,"The world's highest uninterrupted waterfall, Angel Falls, is located here, with a height of 979 meters (3,212 feet).",https://www.britannica.com/place/Angel-Falls,"It is home to the Catatumbo Lightning, a unique atmospheric phenomenon that occurs over the Catatumbo River, producing lightning storms up to 160 nights a year.",https://www.nationalgeographic.com/science/article/venezuela-lightning-catatumbo-weather-science,"The country has the largest proven oil reserves in the world, surpassing even Saudi Arabia.",https://www.opec.org/opec_web/en/about_us/171.htm,"The Orinoco River, one of the longest rivers in South America, flows through the country and is a major transportation route.",https://www.britannica.com/place/Orinoco-River,"The tepuis, or table-top mountains, are unique geological formations found here, with Mount Roraima being one of the most famous.",https://www.nationalgeographic.com/travel/article/venezuela-tepuis-tabletop-mountains,,,,,,,,,,
Vietnam,Asia,Hanoi,VNM,,,,,,,,,,,,,,,,,,,,
Yemen,Asia,Sana'a,YEM,,,,,,,,,,,,,,,,,,,,
Zambia,Africa,Lusaka,ZMB,"The country is home to the world's largest man-made lake by volume, Lake Kariba.",https://www.britannica.com/place/Lake-Kariba,"It has one of the highest rates of urbanization in Africa, with a significant portion of its population living in urban areas.",https://data.worldbank.org/indicator/SP.URB.TOTL.IN.ZS?locations=ZM,"The nation is one of the few in Africa where traditional ceremonies are still widely practiced, with over 70 ethnic groups celebrating various cultural events annually.",https://www.zambiatourism.com/activities/culture/ceremonies/,"It is one of the top producers of emeralds in the world, with the Kagem mine being the largest emerald mine globally.",https://www.gemfields.com/our-mines/kagem-emerald-mine,"The country has a unique termite species, Macrotermes falciger, which builds some of the tallest termite mounds in the world, reaching up to 10 meters in height.",https://www.researchgate.net/publication/228491456_Termite_mounds_as_biomarkers_of_past_and_present_environments_A_case_study_from_Western_Zambia,,,,,,,,,,
Zimbabwe,Africa,Harare,ZWE,,,,,,,,,,,,,,,,,,,,
